"id","invoice_label","name","description","amount","type_tax_use","price_include","deductible","tax_group_id"
"tax_template_out_ipi","ipi","ipi saída","ipi saída","0.00","sale","0","0","tax_group_ipi"
"tax_template_in_ipi","ipi","ipi entrada","ipi entrada","0.00","purchase","0","0","tax_group_ipi"
"tax_template_in_ipi_deductible","ipi","ipi entrada dedutível","ipi entrada dedutível","0.00","purchase","0","1","tax_group_ipi"
"tax_template_out_ipi_deductible","ipi","ipi saida dedutível","ipi saida dedutível","0.00","sale","0","1","tax_group_ipi"
"tax_template_out_ii","ii","ii saída","ii saída","0.00","sale","0","0","tax_group_ii"
"tax_template_in_ii","ii","ii entrada","ii entrada","0.00","purchase","0","0","tax_group_ii"
"tax_template_ii_in_deductible","ii","ii entrada dedutível","ii entrada dedutível","0.00","purchase","0","1","tax_group_ii"
"tax_template_ii_out_deductible","ii","ii saida dedutível","ii saida dedutível","0.00","sale","0","1","tax_group_ii"
"tax_template_out_icms","icms","icms saida","icms saida","0.00","sale","0","0","tax_group_icms"
"tax_template_in_icms","icms","icms entrada","icms entrada","0.00","purchase","0","0","tax_group_icms"
"tax_template_icms_in_deductible","icms","icms entrada dedutível","icms entrada dedutível","0.00","purchase","0","1","tax_group_icms"
"tax_template_icms_out_deductible","icms","icms saida dedutível","icms saida dedutível","0.00","sale","0","1","tax_group_icms"
"tax_template_out_icmssn","icms sn","icms sn saida","icms sn saida","0.00","sale","0","0","tax_group_icmssn"
"tax_template_in_icmssn","icms sn","icms sn entrada","icms sn entrada","0.00","purchase","0","0","tax_group_icmssn"
"tax_template_out_icms_subist","icms subist","icms saida subist","icms saida subist","0.00","sale","0","0","tax_group_icmsst"
"tax_template_in_icms_subist","icms subist","icms entrada subist","icms entrada subist","0.00","purchase","0","0","tax_group_icmsst"
"tax_template_out_icmsfcp","icms fcp","icms saida fcp","icms saida fcp","0.00","sale","0","0","tax_group_icmsfcp"
"tax_template_in_icmsfcp","icms fcp","icms entrada fcp","icms entrada fcp","0.00","purchase","0","0","tax_group_icmsfcp"
"tax_template_out_pis","pis","pis saida","pis saida","0.00","sale","0","0","tax_group_pis"
"tax_template_out_pisst","pis st","pis st saida","pis st saida","0.00","sale","0","0","tax_group_pisst"
"tax_template_out_pis_wh","pis wh","pis wh saida","pis wh saida","0.00","sale","0","0","tax_group_pis_wh"
"tax_template_in_pis","pis","pis entrada","pis entrada","0.00","purchase","0","0","tax_group_pis"
"tax_template_in_pisst","pis st","pis st entrada","pis st entrada","0.00","purchase","0","0","tax_group_pisst"
"tax_template_in_pis_wh","pis wh","pis wh entrada","pis wh entrada","0.00","purchase","0","0","tax_group_pis_wh"
"tax_template_in_pis_deductible","pis","pis entrada dedutível","pis entrada dedutível","0.00","purchase","0","1","tax_group_pis"
"tax_template_out_pis_deductible","pis","pis saida dedutível","pis saida dedutível","0.00","sale","0","1","tax_group_pis"
"tax_template_out_cofins","cofins","cofins saida","cofins saida","0.00","sale","0","0","tax_group_cofins"
"tax_template_out_cofinsst","cofins st","cofins st saida","cofins st saida","0.00","sale","0","0","tax_group_cofinsst"
"tax_template_out_cofins_wh","cofins wh","cofins wh saida","cofins wh saida","0.00","sale","0","0","tax_group_cofinsst"
"tax_template_in_cofins","cofins","cofins entrada","cofins entrada","0.00","purchase","0","0","tax_group_cofins"
"tax_template_in_cofinsst","cofins st","cofins st entrada","cofins st entrada","0.00","purchase","0","0","ax_group_cofinsst"
"tax_template_in_cofins_wh","cofins wh","cofins wh entrada","cofins wh entrada","0.00","purchase","0","0","tax_group_cofins_wh"
"tax_template_cofins_in_deductible","cofins","cofins entrada dedutível","cofins entrada dedutível","0.00","purchase","0","1","tax_group_cofins"
"tax_template_cofins_out_deductible","cofins","cofins saida dedutível","cofins saida dedutível","0.00","sale","0","1","tax_group_cofins"
"tax_template_out_issqn","issqn","issqn saida","issqn saida","0.00","sale","0","0","tax_group_issqn"
"tax_template_out_issqn_deductible","issqn","issqn saída dedutível","issqn saída dedutível","0.00","sale","0","1","tax_group_issqn"
"tax_template_out_issqn_wh","issqn wh","issqn wh saída","issqn wh saída","0.00","sale","0","0","tax_group_issqn_wh"
"tax_template_in_issqn","issqn","issqn entrada","issqn entrada","0.00","purchase","0","0","tax_group_issqn"
"tax_template_in_issqn_deductible","issqn","issqn entrada dedutível","issqn entrada dedutível","0.00","purchase","0","1","tax_group_issqn"
"tax_template_in_issqn_wh","issqn wh","issqn wh entrada","issqn wh entrada","0.00","purchase","0","0","tax_group_issqn_wh"
"tax_template_out_irpj","irpj","irpj","irpj","0.00","sale","0","0","tax_group_irpj"
"tax_template_out_irpj_deductible","irpj","irpj saída dedutível","irpj saída dedutível","0.00","sale","0","1","tax_group_irpj"
"tax_template_out_irpj_wh","irpj wh","irpj wh","irpj wh","0.00","sale","0","0","tax_group_irpj_wh"
"tax_template_in_irpj","irpj","irpj","irpj","0.00","purchase","0","0","tax_group_irpj"
"tax_template_in_irpj_deductible","irpj","irpj entrada dedutível","irpj entrada dedutível","0.00","purchase","0","1","tax_group_irpj"
"tax_template_in_irpj_wh","irpj wh","irpj wh","irpj wh","0.00","purchase","0","0","tax_group_irpj_wh"
"tax_template_out_csll","csll","csll","csll","0.00","sale","0","0","tax_group_csll"
"tax_template_out_csll_deductible","csll","csll saída dedutível","csll saída dedutível","0.00","sale","0","1","tax_group_csll"
"tax_template_out_csll_wh","csll wh","csll wh","csll wh","0.00","sale","0","0","tax_group_csll_wh"
"tax_template_in_csll","csll","csll","csll","0.00","purchase","0","0","tax_group_csll"
"tax_template_in_csll_deductible","csll","csll entrada dedutível","csll entrada dedutível","0.00","purchase","0","1","tax_group_csll"
"tax_template_in_csll_wh","csll wh","csll wh","csll wh","0.00","purchase","0","0","tax_group_csll_wh"
"tax_template_out_inss","inss","inss saída","inss saída","0.00","sale","0","0","tax_group_inss"
"tax_template_out_inss_wh","inss wh","inss wh saída","inss wh saída","0.00","sale","0","0","tax_group_inss_wh"
"tax_template_in_inss","inss","inss entrada","inss entrada","0.00","purchase","0","0","tax_group_inss"
"tax_template_in_inss_wh","inss wh","inss wh entrada","inss wh entrada","0.00","purchase","0","0","tax_group_inss_wh"
"tax_template_simples","simples nacional","simples nacional","simples nacional","0.00","none","0","0","tax_group_simples"
"tax_template_others","others","others","others","0.00","none","0","0","tax_group_others"
